{
  "version": "2020.2",
  "applications": [],
  "platforms": [],
  "systems": [
    {
      "name": "disc_example_template_system",
      "platform": "/opt/xilinx/platforms/xilinx_u200_xdma_201830_2/xilinx_u200_xdma_201830_2.xpfm",
      "sysConfig": "config0_0",
      "buildConfig": "Hardware",
      "applications": [
        {
          "name": "disc_example_template_system_hw_link",
          "platform": "/opt/xilinx/platforms/xilinx_u200_xdma_201830_2/xilinx_u200_xdma_201830_2.xpfm",
          "sysConfig": "Linux on x86",
          "domain": "pl",
          "system": "disc_example_template_system"
        },
        {
          "name": "disc_example_template_kernels",
          "platform": "/opt/xilinx/platforms/xilinx_u200_xdma_201830_2/xilinx_u200_xdma_201830_2.xpfm",
          "sysConfig": "Linux on x86",
          "domain": "",
          "system": "disc_example_template_system"
        },
        {
          "name": "disc_example_template",
          "platform": "/opt/xilinx/platforms/xilinx_u200_xdma_201830_2/xilinx_u200_xdma_201830_2.xpfm",
          "sysConfig": "config0_0",
          "domain": "x86",
          "system": "disc_example_template_system"
        }
      ]
    }
  ],
  "others": []
}